,Student ID,"1.If the radius of earth were shrink by 1%, its mass remains the same, the acceleration due to gravity on the surface of earth would",2.A cable that can support a load W is cut into two equal parts. The maximum load can be supported by either part is,3.Boiling water is changing into steam. Under this condition the specific heat of water is,4.A difference of temperature of 25°C is equivalent to adifference to,5.Air bubble inside water appear silvery white due to,6.Sound wave do not show the phenomenon of,7.The heating element of an electric heater should be made with a material which should be,8.Equal charges are given to two surfaces of different radii. The potential will be,9.Wavelength of matter wave is independent of,10.When we apply reverse bias to a junction diode it,11.Doppler's effect is not observed when,"12.In myopia, image is formed","13.Two bulb 60W, 250V and 100W, 250V bulb are connected in series and supplied by 250V, which bulb will gives more brightness",14.Material used in suspension wire of moving coil galvanometer is,"15.In case of free fall, frequency of simple pendulum is","16.In horizontal circular motion, velocity of object is",17.The current gain of a transistor is,18.The normality of 10 % (w/v) acetic acid is:,19.The presence of three unpaired electrons in nitrogen atom is explained by:,20.Inorganic benzene is,21.Ammonicalcuperouschloride absorbs: ,22.Smelling salt is:,23.The salt solution used by barber as antiseptic is:,24.The hybridization of carbon in carbon monoxide is:,25.Pick out the isoelectronic structures from the following: I. CH3+ II. H3O+ III. NH3 IV. CH3-,26.Which of the following increases the acidity of acetic acid?,27.Which of the following doesn't show -M effect?,28.The aromatic compound doesn't have:,"29.The set M = {y:y ∈ R, y2 = 16} and set N = {y: 2y =6} then find the (M ∩ N).",30.The difference of two irrational number is,31.The function f(y) = sec [log(y2 + √ I + y2)] is,32.Find the domain of the function f(y) =√(y+1)(y-3)(y-2)/(y-2),"33.If the sum of the first 10 terms of an AP is equal to sum of first 7 terms, then which of the following statements is true?","34.The sum of three numbers in AP is 36 when the numbers are increased by 1, 4, 43 respectively, the resulting numbers are in GP. Find the numbers?","35.If a, b, c be in AP, b, c, a in HP then c, a, b are in:",36.There are 5 questions in each group A and B. in how many ways can a student answer 3 questions from group A and 2 from group B.,37.The number of terms whose value depends on a in the expansion of (a2 + 1/a2- 2)n is,38.The coefficient of y4in the expansion of (1-3y)2/(1-2y) is,39.Find the value of 1 + 3/1! + 5/2! + 7/3! +…...+ ∞,40.The equation for quadratic expression having one root (2 + v3 ) is,41.The root of the equation x2/3 + x1/3 – 2 = 0 are,42.The value of √i + √-I is,43.The value of i107 + i122 + i117 is equal to,44. Find the value of determinant          |■(1&〖log〗_a b&〖log〗_a c@〖log〗_b a&1&〖log〗_b c@〖log〗_c a&〖log〗_c b&1)|,45.If [■(6i&-3i&1@4&3i&-1@20&3&i)]=x+iy then ,"46.For what value of u do the simultaneous equations 5x +7y = 2, 15x + 21y = u have no solution?",47.lim 5x² + 7x + 20 x →∞ 6x3 + 15x + 22,"48.If f(k)= 1 - cosßk/ksink, k # 0 and f(0) = 1/2 if f(k) is continuous at k =0, then ß =",49.The phonemic transcription of the word – 'convince' is,50.The word – 'convocation' has its primary stress on the..... syllable.,51.Diligent:,52.Mitigate:,53.Erotic:,54.I am with you ….... what you say,55.I parted ..... him at the college gate.,56.Why have you broken ..... with your friend.,57. It ..... the people who matter.,58.He did nothing but ….....,59.It is no good.... over the spilt milk.,60.She will wash up before she .... to bed.
0,3402,0,0,0,0,0,0,1,0,0,0,0,1,0,0,0,0,0,0,0,0,0,0,0,0,1,0,0,1,0,0,0,1,1,1,1,0,0,0,0,0,1,1,0,0,0,0,1,0,0,0,0,1,0,0,0,0,1,0,0,1
1,2179,1,1,1,1,0,0,0,0,0,0,0,1,0,0,0,0,0,0,0,0,0,1,0,1,0,0,0,0,1,0,0,1,0,1,0,1,0,0,1,1,1,1,0,0,0,0,1,0,0,0,0,0,1,0,1,1,1,1,1,1
2,1061,1,0,1,0,0,0,1,1,0,0,0,0,1,1,0,0,1,1,0,0,1,1,0,0,1,1,1,0,1,1,0,1,0,1,0,1,1,0,0,1,0,1,0,0,1,0,1,0,0,0,0,1,0,0,0,1,1,0,1,1
3,2781,1,1,1,0,0,1,0,0,1,0,1,1,0,0,0,0,0,1,1,1,0,0,1,0,1,0,0,1,1,0,0,0,0,0,0,1,0,0,1,1,0,0,1,1,0,0,0,0,0,0,0,0,0,0,1,1,1,1,0,1
4,3688,1,0,1,0,1,1,0,0,0,0,0,1,1,0,1,1,0,1,1,0,0,0,0,0,0,0,0,1,1,0,0,0,0,0,1,0,1,1,0,0,0,0,0,0,1,0,1,0,0,0,0,0,0,0,1,1,1,0,0,0
5,530,1,1,1,1,0,1,0,1,1,1,1,1,1,0,1,0,0,1,0,1,0,0,1,0,0,1,0,1,1,0,1,1,0,0,1,1,0,1,1,1,1,1,0,1,1,0,1,0,0,1,0,0,1,1,1,1,1,1,1,1
6,2400,1,0,0,0,0,1,0,1,0,0,1,0,1,0,0,1,0,1,0,0,0,1,0,0,0,0,0,1,0,0,0,0,1,0,0,1,1,1,0,1,1,0,0,0,1,0,0,0,0,1,1,0,1,0,0,1,1,1,0,1
7,3035,0,1,0,0,1,1,0,0,1,0,0,0,0,0,0,0,0,1,0,0,1,1,0,0,0,0,0,0,1,0,1,0,1,0,0,0,0,0,1,1,1,1,0,0,1,0,1,0,1,1,1,0,0,0,0,0,0,0,0,1
8,1320,1,1,0,0,1,1,0,0,0,0,1,1,1,0,1,0,0,0,0,0,0,0,0,0,0,1,1,0,1,0,0,1,1,0,0,1,0,0,1,0,1,0,0,0,0,0,0,0,0,1,1,0,1,0,0,1,1,1,1,1
9,3372,0,0,1,0,0,1,1,0,0,0,0,0,1,1,1,0,0,0,0,0,0,1,1,1,0,0,0,0,0,0,1,0,0,0,0,1,0,0,1,1,1,0,0,0,0,1,0,0,0,1,0,0,1,0,1,0,0,1,1,0
10,3642,0,0,0,0,1,1,0,0,0,0,0,1,1,1,1,0,0,0,0,0,0,0,0,0,0,1,0,0,1,0,0,1,0,0,0,0,0,0,0,0,1,1,0,1,1,0,1,1,0,0,1,0,1,0,1,1,1,0,0,1
11,2729,1,1,1,1,0,1,1,1,1,1,1,1,1,0,0,1,1,1,0,0,1,0,0,1,0,0,1,0,1,0,0,1,1,0,1,1,0,1,1,1,1,1,1,1,1,1,1,1,1,0,0,0,1,0,1,1,0,1,1,1
12,2877,1,1,0,0,0,1,1,1,0,1,1,0,0,0,0,1,0,0,1,1,0,0,0,0,0,0,0,0,1,0,1,1,1,0,1,1,0,1,1,1,0,1,0,1,1,0,1,1,0,0,1,0,0,0,1,0,1,0,1,1
13,4260,1,0,0,1,1,1,0,0,1,0,1,0,0,0,1,0,0,0,0,0,1,0,0,0,0,0,1,1,1,0,1,1,0,0,0,0,1,0,0,1,0,1,0,0,1,0,0,0,0,0,1,0,0,0,1,1,1,0,0,0
14,1500,1,0,1,1,1,1,0,0,0,1,1,1,0,1,0,1,1,1,1,0,1,0,0,0,1,1,0,1,1,0,1,1,1,0,0,1,0,0,1,1,0,0,1,1,1,0,0,1,0,1,0,0,0,0,1,1,1,0,0,0
15,1501,0,0,0,1,0,0,0,1,1,0,1,1,1,0,0,0,0,1,0,0,0,0,0,0,0,1,1,1,1,0,0,0,1,0,1,1,1,0,1,1,1,1,0,0,0,0,1,1,0,0,0,0,0,0,1,0,1,0,0,0
16,1502,0,1,0,0,0,1,0,0,1,0,1,0,1,1,1,0,0,0,1,0,0,1,0,1,0,1,1,1,1,1,0,0,0,0,0,0,0,0,0,0,0,1,0,0,0,0,1,0,0,0,0,0,0,0,0,1,1,0,0,0
17,1503,1,0,0,0,0,0,1,0,1,0,1,1,0,1,0,0,0,0,0,1,0,1,1,0,0,0,1,0,1,1,1,1,0,0,0,0,1,0,0,0,0,1,0,0,0,0,1,0,0,0,0,0,0,0,0,1,0,1,1,1
18,1504,1,1,0,0,0,1,1,0,0,1,1,0,0,0,0,0,0,0,0,0,0,1,1,1,0,1,1,0,1,1,0,1,0,0,1,0,0,0,1,0,1,0,1,0,1,0,0,0,0,0,0,0,0,0,1,1,1,0,1,0
19,1508,1,1,0,0,0,1,1,1,0,0,1,1,1,0,1,0,0,0,0,0,0,1,0,0,0,1,0,1,1,1,1,1,1,0,1,1,0,0,1,1,1,0,0,0,1,0,1,0,1,0,0,0,0,1,1,1,1,0,0,0
20,1512,0,1,0,0,0,0,0,0,0,1,0,0,0,0,0,0,1,0,1,0,0,0,0,1,0,0,0,0,0,1,1,1,1,0,1,0,0,1,0,1,0,0,0,0,0,0,1,0,0,1,0,0,0,0,1,1,0,0,0,1
21,1525,1,0,0,0,1,1,1,0,1,1,0,0,0,0,0,0,1,1,1,0,1,0,1,0,1,0,1,1,1,1,0,1,0,0,1,1,0,1,0,1,1,1,1,0,0,1,1,1,0,1,0,0,1,0,1,1,1,1,0,1
22,1530,1,0,1,1,0,0,1,1,1,0,1,0,1,0,0,0,0,0,0,0,0,0,1,1,0,0,1,0,0,0,1,0,1,0,0,0,1,1,1,1,0,1,0,1,1,0,1,1,0,1,1,1,0,0,1,1,1,0,1,1
23,1540,0,0,1,0,0,1,0,0,1,0,0,0,0,0,0,1,0,0,0,0,0,0,0,0,1,0,0,0,0,0,1,0,0,0,1,0,0,0,1,0,0,1,1,0,1,0,0,0,1,0,1,1,1,0,1,1,1,0,0,1
24,1560,1,0,0,0,1,1,1,0,1,1,0,0,1,1,0,0,1,0,0,0,0,1,0,1,0,1,0,0,1,1,0,1,0,0,1,0,0,0,0,1,0,0,0,0,0,0,1,1,0,0,1,1,1,1,0,1,0,0,0,1
25,1565,1,0,1,0,0,1,0,0,0,1,0,1,0,0,0,0,0,0,0,0,0,0,0,0,0,1,0,0,1,0,1,0,0,1,0,0,0,0,0,0,1,0,1,0,0,0,1,0,1,0,0,0,1,0,0,1,1,0,0,1
26,1570,1,0,1,0,0,0,1,0,1,0,0,1,1,0,0,0,1,0,1,1,0,0,0,0,0,1,1,0,0,0,1,0,1,0,1,0,0,0,1,0,1,0,1,0,0,0,0,0,0,0,0,0,0,0,1,0,1,0,0,0
27,1580,1,0,0,0,0,0,0,0,0,0,0,1,1,0,0,0,1,0,0,0,0,0,1,1,1,0,0,1,1,0,0,1,0,0,0,1,1,0,1,1,0,1,0,0,0,0,1,1,1,1,1,0,0,0,1,1,1,0,0,0
28,1585,1,0,0,0,1,1,0,0,1,1,0,1,1,1,0,1,1,1,1,1,1,0,0,0,1,1,1,0,1,1,0,0,0,0,1,0,0,0,0,1,0,1,0,0,1,0,0,0,0,1,0,0,1,0,0,1,0,0,0,0
29,1587,0,1,0,1,0,1,0,0,1,0,1,1,0,1,0,0,0,0,0,0,0,0,1,0,1,0,1,1,1,0,0,1,1,0,1,1,1,0,1,1,1,1,1,1,1,1,1,1,0,0,1,1,0,0,0,1,1,1,0,1
30,1589,0,0,0,0,1,0,0,0,1,0,0,1,0,0,1,0,1,1,1,1,1,1,0,1,0,1,0,1,1,0,1,0,1,0,0,0,0,0,0,1,0,0,1,1,0,1,0,0,0,1,0,0,0,0,0,1,0,0,0,0
31,1590,1,0,1,1,1,1,0,1,1,0,0,1,1,0,0,1,0,0,1,1,1,0,1,1,1,1,1,1,1,0,1,0,1,0,1,1,1,0,1,1,0,1,1,1,1,0,1,0,0,1,0,0,0,0,0,1,1,1,0,1
32,1595,1,0,0,0,0,1,1,0,0,0,1,0,0,0,1,1,0,1,0,1,1,0,0,0,0,0,1,1,0,0,1,1,1,0,0,0,1,0,0,0,0,0,1,1,0,0,0,0,0,1,0,0,0,0,1,1,1,1,0,0
33,1600,0,1,0,0,1,1,0,1,0,1,0,0,1,1,0,1,1,1,0,1,0,0,1,0,1,0,0,1,1,1,0,1,1,0,0,0,0,1,1,1,1,0,1,1,1,1,0,0,1,0,1,0,0,0,0,1,1,0,1,0
34,1603,1,0,1,1,0,1,0,0,0,0,0,1,1,0,0,0,1,0,0,0,1,0,1,1,0,0,0,1,1,0,1,0,0,0,0,1,1,0,1,1,1,0,1,1,1,0,1,0,1,0,0,0,0,0,1,1,1,1,0,1
35,1605,0,0,1,1,1,1,0,0,1,0,1,1,1,1,0,1,1,0,1,0,1,0,0,1,1,0,0,0,1,0,1,0,0,1,0,1,0,1,0,1,0,0,1,1,1,1,1,1,0,0,0,0,0,0,1,0,1,0,1,1
36,1609,0,1,0,0,1,0,0,0,0,1,0,0,0,0,1,0,1,1,1,1,0,0,0,1,1,0,1,1,1,0,1,1,1,0,1,1,0,1,1,1,0,1,1,1,0,0,1,0,1,0,0,0,1,0,1,1,1,0,0,0
37,1610,1,1,1,1,1,1,0,1,0,1,0,0,1,0,0,0,1,0,0,0,0,0,1,1,1,1,1,0,1,0,1,1,0,1,1,1,1,1,1,1,0,1,1,1,0,0,1,1,0,0,0,0,0,0,1,1,1,1,1,1
38,1611,1,1,1,0,1,1,1,0,1,0,0,1,1,0,1,0,0,0,1,0,0,0,0,1,0,0,0,1,1,0,1,0,0,1,0,0,1,0,0,0,0,0,1,0,1,0,0,0,0,0,0,0,1,0,0,1,1,1,0,1
39,1616,1,0,0,1,0,1,1,1,0,1,0,1,1,0,1,0,1,0,0,1,0,0,1,1,1,1,0,1,1,0,1,1,1,0,0,0,1,0,1,1,0,1,1,0,1,1,1,0,1,1,0,0,1,0,0,1,0,1,0,1
40,1618,1,1,1,1,1,1,0,1,1,1,0,1,1,0,1,0,1,1,0,1,0,0,1,1,1,1,0,1,1,0,1,1,0,0,1,1,1,1,1,1,0,1,0,0,1,1,1,0,1,1,0,0,1,0,0,1,1,1,1,1
41,1620,0,0,1,1,1,1,0,1,1,1,1,1,1,0,0,0,0,1,1,1,0,0,0,1,0,0,1,1,1,0,0,0,0,1,0,1,0,1,1,1,1,1,1,1,0,0,1,1,0,1,0,0,0,0,1,1,0,1,1,0
42,1621,1,1,1,1,1,1,1,1,1,1,0,1,1,0,1,0,0,1,0,0,0,1,0,1,1,1,1,1,1,0,1,0,0,0,0,1,0,0,1,1,0,0,0,0,1,1,1,0,0,0,1,0,1,0,0,1,0,0,1,1
43,1622,0,1,0,1,0,0,0,1,1,1,0,0,0,1,1,0,0,1,1,0,0,0,0,0,0,0,1,1,1,0,0,0,0,0,1,0,0,0,0,1,1,1,0,0,1,0,1,0,0,0,0,0,0,0,1,1,1,1,1,1
44,1623,1,1,1,1,1,1,1,1,1,1,0,1,1,0,1,0,0,1,1,0,0,0,1,1,1,0,0,1,1,0,1,1,1,1,0,1,1,1,1,1,0,1,0,1,0,1,1,0,0,1,1,0,1,0,0,1,1,1,1,1
45,1624,1,0,1,1,0,1,1,1,1,1,0,1,0,1,1,1,1,1,1,1,1,0,1,1,1,1,1,1,1,0,1,1,1,0,1,1,1,0,0,1,1,0,0,1,1,0,1,0,0,0,0,0,1,1,1,1,1,1,0,1
46,1625,1,1,0,0,0,1,0,0,0,0,0,1,1,0,1,0,0,0,1,0,0,0,0,1,0,0,1,1,1,0,1,1,1,0,1,0,1,1,0,0,0,0,1,1,0,1,1,0,0,0,0,0,1,0,1,0,1,1,0,1
47,1626,0,0,0,1,1,1,0,1,1,0,0,1,1,0,1,0,0,0,0,0,0,1,0,0,0,0,0,0,1,0,0,1,1,0,0,1,0,1,1,1,0,0,1,1,1,1,1,1,0,0,0,1,0,0,1,1,1,1,1,1
48,1627,1,1,1,1,1,0,0,0,0,1,0,1,1,0,0,1,1,1,1,0,0,0,0,0,0,1,1,1,1,0,1,1,0,0,1,1,0,0,0,1,0,0,1,1,1,1,0,0,0,0,0,0,1,0,1,1,1,1,1,1
49,1628,1,1,0,0,1,1,0,0,1,0,1,1,1,0,0,0,0,0,1,0,0,0,0,1,1,1,1,1,1,0,1,1,0,0,0,0,1,0,0,1,0,1,1,1,1,0,1,0,0,0,1,0,0,0,1,1,1,0,0,0
50,1629,1,1,0,0,1,1,0,0,1,0,1,1,1,0,1,0,0,0,1,0,0,0,0,1,1,1,1,1,1,0,1,1,0,0,0,0,1,0,0,1,1,1,1,1,1,0,1,0,0,1,1,0,0,0,1,1,1,0,0,1
51,1630,1,0,1,0,1,1,1,1,1,1,0,1,0,0,0,0,0,1,0,0,0,1,1,0,0,0,0,0,0,0,0,1,0,0,1,0,0,0,1,0,0,0,0,0,0,0,1,1,0,0,1,0,0,0,1,1,0,0,1,1
52,1633,0,0,1,1,0,1,1,0,1,1,0,1,1,1,1,0,1,1,1,0,0,0,0,1,1,0,0,1,1,0,1,1,1,0,1,1,0,0,1,1,1,1,0,1,1,1,1,0,0,1,0,0,1,0,0,1,1,1,0,1
53,1635,1,1,1,1,1,1,1,0,1,1,0,0,1,0,0,0,0,1,0,0,0,0,1,0,0,0,0,1,1,0,0,0,1,0,0,1,1,1,1,1,1,0,0,0,0,1,1,1,0,0,0,0,1,0,1,1,1,1,0,1
54,1636,1,0,1,0,1,1,0,0,0,0,0,0,1,0,1,0,0,0,0,1,0,0,0,0,0,1,1,0,1,0,0,1,0,0,1,1,0,0,1,1,0,0,1,1,1,0,1,1,0,0,0,0,0,1,0,1,1,1,0,1
55,1638,0,0,1,1,0,1,1,0,1,1,1,1,1,1,1,0,1,0,1,1,0,0,0,0,1,1,0,1,1,0,1,1,1,0,0,1,1,0,1,1,1,0,0,0,1,0,1,0,0,0,0,0,0,0,1,1,1,0,1,1
56,1639,1,1,1,1,1,0,1,1,1,1,0,1,1,0,1,1,0,1,0,1,0,0,0,1,1,1,1,0,1,0,0,0,0,0,1,0,1,0,0,1,1,1,0,0,1,0,1,1,0,0,0,0,1,0,0,1,0,1,1,0
57,1640,1,0,0,0,0,1,0,0,0,0,0,0,1,0,1,0,1,0,0,0,0,0,0,0,0,0,0,0,0,0,0,1,0,0,1,0,0,1,0,1,0,0,1,0,0,0,0,0,1,0,0,0,0,1,0,0,0,0,0,0
58,1645,1,1,0,0,1,1,0,0,0,0,1,1,1,0,0,0,0,1,1,0,0,0,0,1,0,0,0,1,1,0,1,1,1,0,0,0,0,0,0,1,1,0,0,0,1,0,0,0,0,1,0,0,1,1,1,1,1,1,1,1
59,1648,1,1,0,0,1,1,1,1,0,1,0,1,0,0,1,0,0,0,1,1,0,0,0,1,0,0,0,1,1,1,1,0,1,0,1,1,1,0,0,0,0,1,0,1,1,0,1,0,0,0,0,0,1,0,1,1,1,0,1,0
60,1649,0,0,0,0,0,1,0,0,1,0,1,0,1,0,0,0,1,1,0,0,0,0,0,0,1,0,0,0,0,0,0,0,0,0,1,0,0,0,0,1,0,0,0,0,0,0,0,1,0,0,1,0,0,0,1,1,1,1,0,1
61,1650,0,1,0,0,0,1,1,1,0,1,0,0,1,0,1,0,0,1,1,1,0,0,0,0,0,1,0,0,0,1,0,1,0,0,1,1,1,0,0,1,1,0,0,0,1,1,1,0,1,1,1,0,0,1,0,1,1,0,0,1
62,1653,0,1,0,1,0,0,0,0,0,0,0,1,1,0,1,1,0,0,1,0,1,1,1,1,0,0,1,0,1,0,0,1,0,0,0,0,0,1,0,0,0,1,0,0,1,1,1,1,0,0,0,0,1,0,1,0,1,0,1,1
63,1655,1,0,1,1,1,1,0,1,1,0,0,1,1,0,1,0,0,0,0,0,0,0,1,1,0,0,1,1,1,0,1,1,0,0,1,0,1,0,0,1,1,0,1,0,1,1,1,0,0,1,0,0,1,0,0,1,1,1,1,1
64,1658,0,0,0,0,0,1,0,0,1,0,0,0,0,0,0,1,0,0,0,1,1,0,0,0,0,1,1,1,1,1,0,0,0,0,1,1,0,0,0,0,0,0,0,1,0,0,1,0,0,0,0,0,1,1,1,0,1,0,1,1
65,,1,1,0,0,1,0,1,0,0,0,0,0,0,0,1,0,0,1,0,0,0,0,0,0,0,0,1,0,0,0,1,0,1,0,1,1,0,0,1,0,0,0,0,0,0,0,0,1,0,0,0,1,0,0,1,1,0,0,0,1
66,1662,1,0,1,1,1,0,0,0,1,0,1,1,0,0,0,0,1,1,0,1,0,0,0,1,1,1,1,1,1,1,1,1,1,0,0,1,1,1,1,1,1,0,0,1,1,0,1,0,0,0,0,0,1,1,1,1,0,0,0,0
67,1663,1,0,1,0,0,0,0,0,0,0,1,1,1,0,0,1,1,0,0,0,0,0,0,1,0,0,0,0,1,1,1,0,1,0,0,0,0,1,0,1,0,1,1,1,0,0,0,0,0,0,0,0,0,0,1,1,1,1,0,0
68,1665,0,0,0,0,1,1,1,0,0,1,1,0,0,0,0,0,0,1,1,0,0,0,0,0,1,0,1,1,1,0,0,1,0,0,0,1,1,0,1,1,0,1,1,1,1,1,1,0,0,1,1,0,0,0,1,0,1,1,0,0
69,1666,1,1,1,0,0,1,0,0,0,0,1,1,0,0,0,0,0,0,0,0,0,0,0,0,0,0,0,0,0,0,0,0,0,1,0,1,0,0,1,1,0,1,0,1,0,0,1,1,0,0,0,0,1,0,1,1,0,0,0,1
70,1667,0,0,1,1,1,1,1,0,1,1,1,0,0,1,0,1,0,1,0,0,1,1,1,0,1,0,1,0,1,0,1,0,1,0,0,1,0,0,1,1,1,1,0,0,1,0,0,0,0,0,0,1,0,0,0,1,1,1,0,1
71,1670,1,1,0,0,1,1,1,1,1,0,1,1,1,0,0,1,0,0,0,1,0,0,1,0,1,0,0,1,1,0,1,1,0,1,1,1,0,0,1,1,1,1,1,1,0,0,1,0,0,0,0,0,1,0,0,1,1,0,0,1
72,1671,0,0,1,1,0,1,0,1,0,1,1,0,1,0,0,1,1,0,1,0,1,0,1,0,0,1,1,0,1,0,1,0,0,0,0,1,1,0,1,1,1,1,0,1,1,0,0,1,0,1,0,1,0,0,0,1,1,1,1,1
73,1680,1,1,1,1,0,1,0,0,1,0,1,0,0,0,1,0,1,1,0,0,0,0,1,0,0,1,0,0,1,0,1,0,0,0,0,1,0,1,1,1,0,0,0,0,0,0,1,1,1,0,0,0,1,0,0,1,1,1,1,1
74,1681,1,0,1,1,1,0,0,0,1,0,0,1,0,0,0,0,0,0,0,1,0,0,0,1,0,1,1,1,0,1,0,0,0,0,1,1,0,0,1,1,1,1,0,0,1,1,1,1,1,0,1,0,1,0,1,1,1,0,1,1
75,1683,0,0,1,0,0,1,0,0,1,0,1,0,1,0,1,0,1,0,0,0,0,0,0,0,1,0,0,1,1,0,0,1,0,0,0,0,0,1,1,0,0,0,0,0,0,0,1,0,0,0,0,1,1,0,0,1,1,1,0,1
76,1685,1,0,1,1,0,0,0,0,0,1,0,1,0,1,0,0,1,1,0,0,0,0,0,0,0,1,1,0,0,0,1,0,0,0,0,0,0,0,0,0,0,0,1,1,0,0,0,0,1,0,1,1,1,0,0,1,1,0,0,1
77,1686,1,0,0,0,1,1,1,1,1,0,0,0,1,0,0,0,0,1,0,0,1,0,0,1,0,0,0,1,0,0,0,1,0,0,0,0,0,0,1,0,0,0,1,0,0,0,0,0,0,0,0,1,0,0,0,1,1,0,1,0
78,1688,0,1,0,0,1,1,0,0,1,1,1,1,0,0,0,0,1,0,0,0,1,0,0,0,0,1,1,0,1,0,0,1,0,0,1,0,0,0,1,0,1,0,1,0,1,1,0,1,0,1,0,1,0,0,1,1,1,0,0,0
79,1689,1,0,1,1,1,1,0,0,1,0,0,1,1,0,0,1,1,0,0,0,0,1,0,1,1,1,1,1,0,1,0,1,0,0,0,1,1,1,0,0,0,1,0,0,0,1,0,1,1,0,0,0,1,0,1,1,0,0,1,1
80,1690,0,0,1,0,0,1,1,1,0,1,1,1,1,0,0,1,0,0,0,0,1,0,0,1,0,0,1,0,1,0,0,1,1,0,0,0,1,0,0,0,0,0,1,0,0,1,0,0,0,1,0,0,0,0,1,1,1,0,0,0
81,1692,1,1,1,1,1,1,0,1,1,1,0,1,1,0,1,0,0,0,1,0,0,0,1,1,1,1,1,0,1,0,1,1,0,0,1,1,0,1,1,1,1,1,1,1,0,0,1,0,1,1,1,1,0,0,1,1,1,1,1,0
82,1693,0,0,0,0,0,1,0,0,1,1,1,0,0,1,0,0,0,0,0,0,1,0,0,0,0,0,1,0,0,0,0,1,1,0,0,0,0,0,0,0,0,1,0,0,0,0,1,0,0,0,1,0,0,0,0,1,0,0,1,0
83,1694,1,0,1,1,0,1,0,1,1,1,0,0,1,1,0,0,0,0,0,0,0,0,0,0,1,0,0,0,1,0,1,1,0,0,1,1,0,1,0,1,1,0,0,0,1,1,0,0,0,1,0,1,0,0,1,0,1,1,0,0
84,1695,1,0,0,1,0,1,0,0,1,1,1,0,1,1,0,0,0,0,0,1,0,1,0,0,0,0,0,0,1,0,1,1,0,0,0,1,0,0,0,1,1,0,0,1,0,0,1,0,0,0,1,0,0,0,0,1,0,0,0,0
85,1696,1,1,0,0,1,1,1,0,0,1,0,1,0,0,0,0,0,0,0,0,1,1,1,1,0,1,1,1,1,1,0,0,0,1,1,1,0,0,0,0,1,1,1,0,1,0,1,1,0,0,0,0,0,0,0,1,0,1,1,1
86,1697,0,1,1,0,1,0,0,1,1,0,1,1,0,0,1,0,1,0,0,1,0,1,1,0,0,1,1,0,1,0,0,1,0,0,1,0,0,0,0,0,0,1,0,1,0,0,1,0,0,1,0,1,0,0,1,0,0,0,0,1
87,1698,1,0,0,0,1,1,0,0,1,1,1,0,1,0,1,0,0,0,0,1,0,1,0,1,0,0,0,0,1,0,1,1,1,0,0,1,0,0,1,0,1,0,0,0,0,0,0,0,0,1,1,0,0,0,0,1,0,0,1,0
88,1699,1,0,0,0,1,0,0,0,1,1,0,0,0,0,1,0,0,0,0,0,0,0,0,1,0,1,0,0,1,0,0,1,0,1,0,0,1,0,1,0,0,0,1,0,0,1,0,0,0,0,0,0,0,0,0,1,1,1,1,1
89,1700,0,0,1,1,1,1,0,1,1,1,1,1,1,1,0,0,1,1,1,1,0,0,1,1,0,1,1,1,1,0,1,1,0,1,0,1,0,1,1,1,0,0,1,1,1,0,1,0,0,0,0,0,0,0,1,0,1,0,0,0
90,1701,0,1,0,0,1,1,0,0,0,0,0,1,0,1,1,0,0,0,0,0,0,1,0,0,0,1,1,1,0,0,0,1,0,0,1,0,0,0,0,0,0,0,0,0,0,0,0,1,0,0,0,1,0,0,0,1,0,0,0,0
91,1705,1,1,0,1,0,1,0,0,1,0,1,1,1,1,0,0,1,1,0,1,0,0,0,1,0,1,0,0,1,0,0,1,0,0,0,0,1,0,0,1,0,0,0,0,0,0,1,0,1,1,0,1,0,1,0,1,1,1,0,0
92,1706,1,0,1,0,1,0,0,1,0,1,1,0,1,1,0,1,1,0,0,0,0,0,0,0,0,0,0,1,1,0,1,1,0,0,0,1,1,0,1,1,1,0,0,1,0,0,1,0,0,1,0,0,0,0,0,1,1,1,1,1
93,1707,1,1,1,1,1,1,1,0,1,1,1,0,1,0,1,0,0,0,0,0,0,1,1,1,1,1,0,1,0,1,0,1,0,0,0,1,1,0,1,1,1,1,1,0,0,0,1,1,0,1,0,0,1,0,0,1,1,0,0,0
94,1709,1,1,0,1,1,1,0,1,1,1,0,0,1,1,1,0,0,0,1,1,0,0,0,1,1,0,0,1,1,0,1,1,1,0,0,1,0,0,1,1,1,1,0,0,0,0,1,0,0,0,0,0,1,1,0,1,1,1,1,1
95,1710,1,1,1,0,1,0,0,0,1,0,1,1,0,0,0,0,0,1,1,0,0,0,0,1,0,0,1,0,1,0,1,1,0,0,1,0,0,0,1,0,1,0,0,0,0,0,0,0,1,1,0,1,0,0,1,1,1,0,0,1
96,1711,1,0,0,0,1,0,0,0,0,0,1,1,1,0,0,0,0,1,0,0,0,1,1,0,1,0,0,1,1,1,0,1,0,0,1,0,1,1,0,0,0,0,1,0,0,0,1,0,0,0,0,0,1,0,0,0,0,0,0,0
97,1712,1,0,1,1,0,1,1,0,0,1,0,1,1,0,0,0,0,0,1,0,0,0,0,1,0,1,1,0,0,0,1,0,0,0,0,1,0,0,1,1,0,1,0,1,1,0,0,0,0,0,0,1,0,0,0,0,1,0,1,1
98,1713,1,0,0,0,0,0,0,1,1,0,1,0,0,0,1,0,0,0,1,0,0,0,0,0,0,0,0,0,1,0,1,1,1,0,1,0,0,1,1,0,0,1,0,1,0,0,1,1,0,0,0,0,1,0,1,1,1,0,0,1
99,1714,0,1,0,0,0,0,0,0,0,0,0,0,1,0,0,0,0,0,0,0,0,0,0,0,0,1,1,0,1,0,0,1,0,0,1,0,1,1,0,0,0,0,1,0,1,0,0,0,0,0,0,0,1,1,0,1,1,1,0,0
100,1715,1,1,0,0,0,1,0,0,0,1,1,0,1,0,1,0,0,1,0,1,0,0,0,1,0,0,0,0,0,0,1,1,0,0,0,1,1,1,1,1,1,1,1,1,1,0,1,0,0,0,0,0,0,0,0,1,1,0,1,1
101,1716,1,1,0,0,0,0,0,0,1,1,0,0,0,0,0,1,0,0,0,0,0,0,0,0,0,1,1,1,0,1,0,1,1,1,1,0,1,0,0,0,0,0,0,0,0,0,0,0,0,1,0,0,0,0,1,1,0,0,0,0
102,1717,1,0,0,0,1,0,0,1,0,0,1,1,1,0,0,0,1,0,1,0,0,0,0,1,0,0,0,1,1,0,1,1,1,1,1,1,0,0,0,1,1,1,0,1,1,0,1,0,0,0,1,0,1,0,0,1,1,1,0,1
103,1718,1,0,0,0,1,0,0,0,0,0,1,1,0,0,0,0,0,0,0,0,0,1,0,0,1,0,0,0,0,0,0,0,0,0,0,0,0,1,0,0,0,0,0,0,1,0,0,0,1,0,0,0,1,0,0,0,0,0,1,1
104,1719,1,1,0,0,1,0,0,0,1,0,0,1,0,0,1,0,0,0,0,0,1,0,0,1,0,0,1,1,1,0,1,1,0,1,1,1,0,0,1,1,0,1,0,1,0,1,1,0,0,1,0,0,1,0,1,0,1,1,0,0
105,1720,1,1,1,1,0,1,0,1,1,0,0,1,1,1,0,0,0,0,0,0,0,0,0,0,1,1,1,0,0,0,1,1,0,0,1,1,0,0,0,1,1,0,0,1,1,0,1,1,0,0,0,0,0,0,1,1,1,0,0,1
106,1721,1,1,1,1,0,1,1,1,1,1,0,1,1,1,0,0,0,1,1,1,0,0,1,1,1,0,1,0,0,0,1,0,1,0,1,1,0,1,1,1,1,1,0,0,1,0,1,0,0,0,0,1,0,0,0,1,1,0,1,1
107,1722,0,1,1,1,0,1,0,1,0,1,0,1,0,0,1,0,1,0,0,0,0,1,1,1,0,0,0,1,1,1,0,0,0,0,0,1,0,1,0,1,0,0,0,1,1,0,1,0,0,0,0,1,0,0,0,1,0,1,0,0
108,1723,1,0,0,0,1,0,0,0,0,1,0,0,0,0,0,0,0,1,1,0,0,0,0,0,0,1,0,0,0,0,0,0,0,0,0,0,1,0,1,1,0,1,1,1,0,0,1,0,0,0,1,1,0,0,0,1,1,1,0,1
109,1724,0,0,0,0,1,1,1,1,0,0,0,1,0,0,1,0,1,0,1,0,0,0,0,1,0,1,0,0,1,0,0,1,0,0,1,0,0,0,0,0,0,0,1,0,0,0,0,0,0,1,0,0,0,0,1,1,1,0,1,1
110,1725,1,0,1,1,1,1,0,0,1,0,1,1,0,0,0,0,1,0,0,0,0,0,0,0,0,1,0,0,1,0,1,1,0,0,0,0,0,0,0,1,0,0,1,0,1,0,1,0,0,0,1,0,0,1,0,1,0,0,0,1
111,1726,1,0,1,1,0,1,0,0,0,0,1,0,0,0,0,0,1,0,0,0,0,0,0,0,0,1,1,0,1,0,0,0,1,1,1,0,0,0,0,1,0,1,1,0,0,1,0,1,0,0,0,0,1,0,1,1,0,0,0,0
112,1727,1,0,1,0,1,1,0,0,0,0,0,1,0,0,0,0,0,0,0,0,1,0,0,1,0,1,0,0,0,0,1,1,0,0,1,0,1,1,1,0,0,0,0,0,0,0,0,1,0,1,1,0,0,0,1,1,1,0,1,0
113,1728,0,1,0,1,1,1,0,0,0,1,1,0,1,0,1,1,0,1,1,1,0,0,0,0,0,0,1,1,1,1,1,1,0,0,1,0,0,0,1,1,1,0,0,0,0,0,1,0,0,1,0,0,0,1,0,1,1,1,0,1
114,1729,1,0,1,0,1,0,0,1,1,1,0,1,0,0,0,0,0,1,0,0,0,0,0,1,1,0,1,1,0,0,0,1,0,0,1,1,0,0,0,0,0,0,0,1,0,1,0,0,0,0,1,0,0,0,1,1,0,0,0,1
115,1730,0,0,0,0,1,1,0,1,1,0,0,1,0,0,1,0,0,0,0,0,1,0,0,0,0,0,0,0,1,0,0,1,1,1,0,1,0,0,0,1,0,1,0,1,1,0,1,0,0,0,0,1,0,0,0,1,1,0,1,1
116,1731,1,0,0,0,0,0,0,0,1,1,1,1,1,1,0,0,0,1,1,0,0,0,0,0,1,0,0,1,0,0,0,0,1,0,1,0,1,1,0,1,0,0,0,0,0,1,1,0,0,0,1,0,0,0,0,0,0,1,0,1
117,1732,1,1,1,0,1,0,0,1,1,0,1,1,0,0,1,0,0,1,1,0,0,0,1,1,1,1,1,0,1,0,0,0,1,0,0,1,0,0,1,1,0,0,0,1,0,0,0,1,0,1,0,0,0,1,1,1,1,1,1,1
118,1733,1,0,1,1,1,1,1,0,1,1,1,1,1,1,0,0,0,1,1,1,1,0,0,0,1,0,0,1,1,0,0,1,0,0,1,1,1,1,1,1,1,1,0,1,1,0,1,1,0,1,0,0,1,0,1,1,1,1,1,1
119,1734,1,0,0,1,1,1,0,1,0,0,0,1,0,0,1,1,1,0,0,0,1,0,0,0,0,0,0,0,1,1,0,0,0,0,0,0,0,0,0,0,0,0,0,1,1,0,0,0,0,1,1,0,0,0,1,1,1,0,0,0
120,1735,1,1,1,1,1,1,1,0,1,0,1,1,0,1,0,1,0,1,1,1,0,0,1,1,1,1,1,1,1,1,1,1,0,0,1,1,0,0,1,1,1,1,0,1,1,1,1,0,0,0,0,0,1,0,0,1,1,0,1,0
121,1736,1,1,1,1,0,1,1,1,1,1,0,1,1,1,0,0,0,0,1,0,0,0,0,0,0,0,1,1,1,0,1,0,1,0,1,1,1,1,1,0,1,0,1,0,0,1,1,0,1,0,0,0,1,0,0,1,1,0,0,1
122,1737,1,0,1,1,0,0,1,1,1,1,1,1,1,0,0,1,0,0,0,0,0,0,1,1,0,1,0,1,1,0,1,0,0,0,0,1,0,0,1,1,1,0,1,0,1,0,1,1,0,0,0,0,0,1,0,1,1,1,0,0
123,1738,0,0,1,0,0,0,0,0,0,1,0,0,0,0,0,0,0,0,1,0,1,0,1,0,1,1,0,1,1,1,0,0,0,0,0,0,0,0,0,0,0,0,0,0,1,0,0,0,0,1,0,0,0,1,0,0,1,0,1,0
124,1739,0,1,0,0,1,0,0,1,0,0,1,0,1,0,0,0,0,0,1,0,0,0,1,1,0,1,1,0,1,0,0,0,0,0,1,1,0,0,0,0,0,0,0,0,1,0,0,1,0,0,0,1,0,0,1,1,0,1,0,1
125,1740,1,0,0,0,0,0,0,0,0,1,0,1,0,0,0,0,1,0,0,0,0,0,0,0,0,0,0,0,1,0,0,0,1,1,0,0,1,0,0,0,1,1,0,0,0,0,0,1,0,0,0,0,0,1,0,1,0,0,1,0
126,1741,1,1,0,1,1,1,0,0,1,0,0,1,0,1,1,0,0,0,0,1,0,0,1,1,0,0,1,0,1,0,0,1,0,0,0,0,0,0,1,0,0,0,1,1,0,1,0,0,1,1,1,1,0,0,1,1,0,0,1,0
127,1742,1,0,0,1,0,1,0,0,1,0,1,1,1,0,1,0,1,1,0,0,1,0,0,0,0,0,0,1,0,0,1,0,0,0,1,0,0,0,0,0,0,1,1,0,0,1,0,0,0,0,1,1,0,0,1,1,0,0,0,0
128,1743,0,0,0,0,0,1,1,0,0,0,0,0,1,0,1,0,0,0,0,0,0,0,1,0,1,0,0,1,1,0,0,1,0,0,1,1,0,0,0,0,0,0,1,0,0,0,0,0,0,1,0,0,1,0,1,1,1,0,0,1
129,1744,0,0,0,0,1,0,0,0,1,0,0,1,0,0,1,0,0,0,0,0,0,0,0,1,1,0,0,0,1,1,1,0,0,0,0,1,1,1,0,0,0,0,0,0,1,0,0,0,1,0,0,0,0,0,0,1,1,1,1,0
130,1745,1,0,1,1,1,0,1,1,1,0,1,1,0,0,1,0,0,1,0,0,0,0,1,1,0,0,1,0,1,0,1,0,0,0,0,1,1,0,1,1,0,0,0,0,0,0,1,0,0,0,0,0,1,0,0,1,1,0,0,1
131,1746,1,1,0,1,0,0,0,0,0,0,1,0,0,0,1,1,1,0,0,0,0,1,0,0,0,0,0,1,1,1,1,0,1,0,0,0,1,0,0,1,0,1,1,1,0,0,1,0,1,0,0,0,1,0,1,0,1,0,1,1
132,1747,0,1,1,0,1,0,0,0,0,0,0,1,0,0,0,0,1,0,0,0,0,1,0,0,0,0,1,0,1,0,0,0,0,0,0,1,0,1,0,0,1,1,1,1,0,0,0,0,0,0,0,0,0,0,0,1,0,1,0,1
133,1748,1,0,1,1,0,1,0,1,1,1,0,1,1,1,1,0,1,1,0,1,0,0,1,0,1,0,0,0,1,0,1,1,0,0,1,1,0,0,0,1,1,0,1,1,1,1,1,0,0,0,0,0,0,0,1,0,1,1,0,0
134,1749,0,1,0,0,1,1,0,1,1,0,0,0,0,0,1,0,0,0,1,0,0,0,1,0,0,1,1,0,0,0,1,0,0,0,0,0,0,0,0,1,1,0,0,0,0,1,0,0,0,1,0,0,1,0,1,0,0,0,0,1
135,1750,1,0,1,1,1,1,1,1,0,0,1,1,1,1,1,0,1,0,1,0,0,0,0,0,1,0,0,1,1,0,1,1,1,0,0,1,0,1,1,1,0,0,1,1,1,0,1,0,0,0,1,0,0,0,0,0,1,0,0,0
136,1751,1,0,1,1,1,1,0,0,1,0,1,1,0,1,1,1,0,1,1,1,0,0,1,0,1,1,0,0,1,0,0,1,0,0,0,1,0,0,1,1,0,1,1,1,1,0,1,0,0,0,0,1,1,0,0,1,0,1,0,0
137,1752,1,0,1,1,1,1,0,1,1,0,0,1,1,0,1,0,1,1,0,0,0,0,0,0,1,0,1,1,1,0,1,0,0,0,1,1,0,0,1,1,1,1,0,0,1,0,1,1,0,1,1,0,1,0,0,1,1,1,1,0
138,1753,0,1,1,1,0,0,0,1,1,1,1,1,1,1,0,0,0,1,1,0,0,0,0,0,1,0,1,1,1,0,0,1,0,0,0,1,1,0,1,1,0,1,1,1,0,1,1,1,0,0,0,0,0,0,1,0,1,1,1,0
139,1754,1,0,0,0,0,0,0,0,0,0,0,0,1,0,1,1,0,1,0,0,0,1,1,1,0,1,0,0,0,0,0,0,0,0,0,1,0,0,1,0,0,1,0,0,0,0,0,0,0,1,0,0,1,0,1,1,1,0,0,1
140,1755,0,1,0,0,0,1,0,0,0,0,1,0,1,0,1,1,1,1,1,1,0,0,1,1,1,0,1,1,1,0,1,1,1,0,1,1,0,0,0,1,0,0,1,1,1,0,1,0,0,0,0,0,0,0,1,0,0,1,1,0
141,1756,0,1,0,1,1,0,0,0,0,0,1,1,1,0,1,1,1,1,0,0,0,0,1,1,0,1,1,1,0,0,1,1,1,0,0,1,0,0,0,1,0,0,0,0,0,0,1,0,0,0,0,0,1,0,0,1,0,0,0,0
142,1757,1,0,1,1,1,1,1,0,1,1,0,1,1,1,1,0,1,1,1,1,0,1,1,0,1,1,1,1,1,1,1,1,1,0,1,1,1,1,1,1,1,1,1,1,1,1,1,1,0,1,0,1,0,1,1,1,1,1,1,1
143,1758,0,1,1,1,1,1,1,0,0,0,0,1,0,0,0,0,0,1,0,0,0,0,0,0,1,0,0,0,1,0,1,0,1,0,0,0,1,1,0,1,1,1,0,1,0,0,0,0,0,0,1,0,0,0,1,1,1,1,1,1
144,1759,1,1,1,1,1,1,0,0,1,1,0,1,0,0,0,0,0,1,0,0,0,1,0,1,1,0,0,1,0,1,1,1,0,1,0,1,1,0,0,1,0,1,0,0,0,0,1,0,0,0,0,0,0,0,0,1,1,0,1,1
145,1760,0,0,1,1,1,1,1,0,0,1,0,1,0,1,0,0,0,1,0,0,0,0,0,0,0,0,0,1,1,1,1,1,0,1,0,1,0,0,1,1,1,1,0,0,1,1,1,1,0,0,0,0,0,1,1,1,1,0,0,1
146,1761,1,1,0,0,0,1,0,0,0,0,1,0,1,0,0,0,0,0,0,0,0,0,1,0,0,0,1,0,0,0,0,0,0,0,1,0,1,0,1,0,1,0,0,0,0,0,0,1,1,1,0,1,1,1,0,1,1,0,1,1
147,1762,1,1,0,1,1,1,0,0,1,1,0,1,1,1,0,0,0,0,0,0,0,0,0,0,1,1,0,0,1,0,0,0,0,1,1,0,0,0,0,1,1,0,0,0,0,0,1,0,0,1,0,1,0,0,1,1,0,1,1,1
148,1763,0,0,0,0,1,0,0,1,0,1,0,1,1,1,1,0,1,1,1,1,0,0,1,0,0,1,0,0,1,0,0,0,0,0,0,0,0,0,0,1,0,0,0,0,0,1,0,0,0,1,0,0,1,0,1,0,0,0,1,1
149,1764,0,0,0,0,1,0,1,0,1,0,0,0,0,0,0,0,0,0,0,0,0,0,0,0,0,1,0,0,1,0,0,1,1,0,1,0,0,1,0,1,0,1,0,1,1,0,0,1,0,0,0,0,0,0,1,0,1,0,1,0
150,1765,0,1,0,0,0,0,0,0,0,0,1,1,1,0,0,0,0,0,1,0,0,0,0,0,1,1,0,0,0,1,0,0,1,0,0,1,0,0,1,0,0,0,1,1,1,0,0,0,0,0,0,0,0,0,0,1,0,0,1,0
151,1766,1,0,0,0,0,1,0,0,0,0,0,0,0,0,1,1,1,0,1,0,0,0,1,1,0,1,1,1,1,0,0,0,0,0,0,1,1,1,0,0,0,1,0,0,0,0,0,0,1,0,1,0,0,1,0,0,0,1,0,0
152,1767,1,0,0,0,1,0,0,0,0,0,0,1,0,0,1,1,1,0,0,0,0,1,0,0,1,0,1,0,0,0,1,1,0,0,1,0,0,1,0,0,0,1,0,1,0,0,1,1,0,0,0,0,0,0,0,1,1,0,0,0
153,1768,1,0,0,0,1,0,0,0,0,1,0,1,0,0,0,0,0,0,1,1,0,0,0,0,0,0,1,0,0,0,0,1,0,0,0,0,0,1,0,1,1,0,0,0,0,0,1,1,1,0,0,0,0,0,0,1,0,0,0,0
154,1769,0,0,1,1,0,1,0,0,1,0,0,0,1,0,0,1,1,0,0,1,0,1,1,0,1,0,0,0,0,1,0,0,1,0,0,0,0,1,0,0,0,0,1,0,0,0,0,0,0,1,0,0,0,0,1,1,0,0,0,1
155,1770,1,1,1,1,1,1,0,1,1,1,0,1,1,0,1,0,0,1,1,1,0,0,1,0,1,1,1,1,1,0,1,1,1,0,1,1,1,0,1,1,1,1,1,1,1,0,1,0,1,1,1,1,0,0,1,1,1,1,1,0
156,1771,0,1,1,1,0,0,0,0,1,1,1,1,0,0,0,1,0,1,1,0,0,0,0,1,0,1,1,1,1,0,1,1,0,0,0,1,0,0,1,1,0,1,1,0,1,0,1,1,0,0,0,0,1,0,0,0,1,0,1,0
157,1772,0,0,0,1,0,0,0,1,0,1,1,0,0,0,1,0,0,0,1,0,0,0,0,1,0,0,0,1,1,0,0,1,1,1,1,0,0,1,0,0,0,0,0,0,0,0,1,0,1,0,0,1,0,0,0,0,0,1,0,1
158,1773,1,1,1,1,0,1,1,1,1,0,0,1,0,0,0,1,0,1,0,1,0,0,1,0,1,1,1,1,1,0,0,1,0,0,0,0,0,0,0,0,0,0,1,0,0,1,0,0,0,0,1,0,1,0,1,1,0,1,0,0
159,1774,1,1,0,1,1,0,1,0,0,1,0,1,0,1,0,1,0,1,1,1,0,0,1,0,0,0,0,0,1,1,0,1,0,1,1,1,0,0,1,1,0,1,0,1,1,0,1,0,0,0,0,1,0,0,1,1,0,1,1,0
160,1775,0,0,0,1,0,0,1,0,0,0,1,0,1,0,0,0,0,0,0,0,1,0,0,0,0,1,0,0,0,0,1,0,0,0,1,1,0,0,0,0,0,1,0,0,1,0,1,0,0,1,0,0,1,0,0,1,1,0,0,0
161,1776,1,1,0,1,0,1,1,0,1,0,1,1,1,1,0,0,0,0,0,0,0,0,0,1,1,1,0,0,1,0,0,0,0,0,1,1,0,0,1,0,1,0,1,0,0,0,1,0,0,1,0,0,0,0,0,0,1,1,0,0
162,1777,1,1,1,1,1,1,0,1,1,1,0,1,1,0,0,0,0,0,1,1,0,0,0,1,0,1,1,1,1,1,0,1,1,0,0,0,1,0,1,1,0,0,0,0,0,0,1,0,1,0,0,0,0,0,1,1,1,0,0,1
163,1778,1,1,0,0,0,0,1,0,1,0,0,0,0,0,1,1,0,0,0,0,0,1,0,0,0,0,0,0,1,0,0,0,0,0,1,0,0,0,1,1,1,0,0,0,0,1,0,0,1,0,1,1,0,0,1,1,1,0,0,1
164,1779,0,1,0,0,1,0,1,0,1,1,1,1,0,0,0,0,0,0,0,0,1,0,0,0,0,1,1,0,1,0,0,1,0,1,0,0,0,0,1,0,1,0,1,0,1,0,0,1,0,1,0,1,0,0,1,1,1,0,0,1
165,1780,1,1,1,1,1,0,0,0,0,0,0,0,1,0,0,0,0,0,0,0,0,0,1,0,0,1,1,1,1,0,1,0,0,0,1,0,0,0,0,1,1,0,0,1,0,0,1,1,0,0,1,0,0,0,0,1,1,0,0,1
166,1781,0,1,1,0,0,1,0,1,1,0,1,0,1,1,0,0,0,0,0,0,1,0,0,0,0,0,1,1,0,1,0,0,0,0,0,1,0,0,1,1,1,0,0,0,0,0,1,1,0,0,0,0,0,0,1,1,0,0,1,1
167,1782,1,1,1,1,1,1,1,0,1,0,1,1,0,1,0,0,0,1,1,0,0,1,0,1,1,1,1,1,1,1,1,0,0,0,0,1,0,0,1,1,1,1,0,1,1,1,1,1,0,0,1,1,1,1,0,1,0,0,1,1
168,1783,0,1,1,1,0,0,1,0,0,1,1,0,0,0,0,0,1,0,0,0,0,0,1,1,0,1,0,1,1,0,0,0,0,0,0,1,0,0,0,1,1,1,1,0,1,1,1,0,0,0,0,1,1,1,1,1,1,0,1,1
169,1784,0,0,1,1,0,0,1,1,0,1,0,1,0,1,1,1,1,1,1,0,0,0,0,1,1,1,0,0,1,0,0,0,1,0,0,1,0,0,1,1,0,0,0,0,0,1,1,0,0,0,0,0,1,0,1,1,1,0,1,0
170,1785,1,1,0,1,1,1,1,0,1,0,0,0,0,0,1,0,0,1,0,1,0,0,1,0,0,0,0,1,1,0,1,1,0,1,0,0,0,0,0,1,1,1,1,0,1,0,0,1,1,1,0,0,0,0,1,1,1,0,0,1
171,1786,0,0,1,0,0,1,1,1,0,0,0,1,1,1,0,1,0,0,0,1,0,0,0,0,0,0,1,1,1,0,0,1,1,0,0,1,0,1,1,1,1,0,0,1,1,1,1,0,0,0,1,0,0,0,0,0,1,1,0,0
172,1787,1,1,0,0,1,0,0,0,0,1,0,1,0,0,1,0,0,1,0,0,0,0,0,1,0,1,0,0,1,0,0,0,0,0,0,1,0,0,1,1,1,0,1,1,0,0,1,0,0,1,0,0,1,0,0,1,1,1,1,0
173,1788,1,0,0,0,0,1,1,0,0,0,0,0,1,0,1,0,0,0,0,0,0,0,1,1,1,1,0,1,1,0,0,0,0,0,0,0,1,1,1,0,1,0,1,1,1,0,1,0,1,0,0,0,1,0,1,1,1,1,1,0
174,1789,0,1,0,0,0,1,0,0,0,0,0,1,0,0,0,0,0,1,0,0,0,1,0,0,0,0,1,0,1,0,1,1,0,0,1,1,0,0,0,0,1,0,0,0,1,0,0,0,0,0,0,1,0,0,1,1,1,0,1,1
175,1790,1,1,0,0,1,1,0,0,0,0,0,0,0,0,0,0,1,1,0,1,0,0,1,1,0,0,0,0,1,0,0,1,0,0,1,1,1,0,1,1,1,0,0,0,0,0,0,0,0,1,1,0,0,0,1,1,0,0,0,1
176,1791,1,0,1,1,1,0,1,1,0,1,0,1,1,0,0,0,0,0,0,0,0,0,1,0,0,1,0,1,1,0,1,0,0,0,0,1,0,1,0,1,1,0,0,0,0,0,1,0,0,0,0,0,1,0,1,1,1,1,1,1
177,1792,0,0,0,0,0,1,0,0,1,0,0,1,0,0,0,0,0,0,0,0,0,0,0,1,1,1,1,0,1,0,0,0,0,0,0,1,0,0,0,0,0,1,0,0,1,0,0,0,0,1,0,1,0,0,0,1,0,1,1,1
178,1793,1,0,1,1,0,0,1,0,0,0,0,0,0,0,0,0,1,0,0,0,0,1,1,1,0,1,0,1,1,0,0,1,0,0,1,0,0,0,0,0,0,1,0,0,1,1,0,0,0,0,0,0,1,0,0,1,1,1,1,1
179,1794,0,0,1,0,1,0,0,0,0,0,0,1,0,0,0,0,0,1,0,0,1,1,0,1,0,0,0,0,1,0,0,1,1,0,1,0,1,1,1,0,0,0,1,0,0,1,1,0,0,0,0,1,1,0,0,1,1,1,0,1
180,1795,0,0,0,0,1,1,0,0,0,0,1,1,1,0,0,0,0,0,0,0,0,0,0,1,0,0,0,0,1,1,0,0,0,0,1,0,0,0,0,1,0,0,0,0,0,1,0,0,0,1,0,0,1,0,0,1,1,1,1,1
181,1796,1,0,0,0,1,0,0,0,0,1,1,0,0,1,1,0,0,1,1,1,0,0,1,0,0,0,0,0,1,1,0,0,0,0,1,0,0,0,1,1,0,1,0,1,1,0,1,0,0,0,0,0,1,0,0,1,1,1,1,1
182,1797,1,1,0,0,0,0,0,0,1,1,0,1,0,0,1,0,0,0,0,0,0,0,0,1,0,1,1,0,1,0,0,0,0,0,0,0,0,0,1,1,0,1,0,0,1,1,0,0,0,0,0,0,1,0,0,0,1,0,0,0
183,17998,1,1,0,0,1,0,0,0,1,1,0,0,0,0,1,0,0,0,0,0,1,0,0,1,0,0,0,0,1,1,0,0,0,1,0,0,0,0,1,1,0,1,0,0,1,1,0,1,0,0,0,0,0,0,0,1,1,0,0,1
184,1799,1,0,0,0,0,0,0,1,1,0,0,1,1,0,0,0,0,1,0,0,0,0,1,0,0,1,0,0,0,0,1,1,1,0,0,1,0,0,0,1,0,1,0,0,1,0,0,1,0,1,0,0,0,0,1,1,0,0,0,0
185,1800,1,0,0,0,1,1,1,0,0,1,0,0,0,0,0,0,1,1,0,0,0,0,0,0,0,0,0,0,0,0,0,0,0,1,0,0,0,0,0,1,0,0,1,0,1,0,1,0,0,1,0,0,0,1,1,0,1,0,0,0
186,1801,0,0,0,0,0,0,0,1,0,0,0,1,0,0,1,0,0,0,0,0,0,0,0,1,0,1,0,0,1,1,0,1,0,1,1,0,0,1,0,0,0,0,1,0,0,0,1,0,0,0,0,0,0,0,0,0,1,0,1,1
187,1802,0,0,0,0,0,1,0,0,1,0,0,1,1,1,0,0,0,0,0,0,1,0,0,0,1,0,0,1,1,0,0,1,1,0,1,1,1,0,1,1,0,0,1,0,1,0,1,0,0,1,0,1,0,0,0,1,1,0,0,1
188,1803,1,0,1,0,1,1,0,1,0,1,0,1,1,0,0,0,0,1,0,0,0,0,1,0,1,0,1,0,1,0,1,1,1,0,0,1,0,0,0,1,1,0,0,0,1,0,1,0,0,1,0,1,1,1,1,1,1,1,1,1
189,1804,0,0,0,0,0,1,0,0,0,0,1,0,1,0,1,1,0,1,0,0,0,0,0,0,0,0,1,0,0,0,1,1,0,1,1,1,0,0,0,0,0,0,0,0,0,0,1,1,1,0,1,0,0,0,0,0,1,0,0,1
190,1805,1,1,1,0,1,1,0,0,1,0,1,1,0,1,0,0,0,0,1,0,0,0,1,0,1,0,0,0,1,0,0,1,0,0,1,0,1,0,0,0,0,0,1,1,0,0,1,0,0,0,0,0,0,0,1,1,1,1,0,0
191,1806,0,0,1,0,0,0,0,1,1,1,0,0,1,1,0,0,0,0,1,0,0,1,0,1,1,1,1,0,0,0,0,0,1,0,1,1,0,0,0,0,0,1,1,0,1,0,1,0,1,0,0,0,0,0,1,1,1,0,0,1
192,1807,1,0,0,0,1,0,1,0,0,0,1,1,0,0,1,0,0,0,0,0,0,0,1,0,0,0,1,1,1,0,0,1,0,0,0,1,1,0,1,0,1,0,0,0,0,0,1,1,0,0,0,0,0,0,0,0,1,0,1,0
193,1808,1,1,0,0,1,0,1,0,0,0,0,0,0,0,0,0,0,1,0,0,0,0,0,0,0,1,0,0,1,0,0,1,0,0,1,0,0,0,0,0,1,0,0,0,1,0,0,1,0,0,0,0,1,1,1,1,1,1,1,1
194,1809,1,0,0,0,1,1,0,0,0,1,0,1,1,0,1,0,0,0,1,0,0,0,0,1,0,0,0,1,1,1,0,1,0,0,0,0,0,0,0,0,0,1,1,1,1,0,1,0,0,0,0,0,0,0,0,1,0,0,0,1
195,1810,1,0,0,0,1,1,0,0,0,1,0,1,1,0,1,0,0,0,1,0,0,0,0,1,0,1,1,0,1,0,1,1,0,0,0,0,0,0,0,0,0,1,0,1,0,0,0,0,0,0,0,0,1,0,0,1,1,0,0,1
196,1811,1,1,1,1,1,0,1,1,1,1,0,1,1,1,0,0,0,1,0,1,0,0,0,1,1,1,0,0,0,0,1,0,1,0,1,1,0,1,1,1,1,1,0,0,1,0,1,0,0,0,0,1,0,0,0,1,0,0,0,1
197,1812,1,1,1,0,1,1,1,0,1,1,1,1,1,1,1,0,1,1,0,1,0,0,0,0,0,0,1,1,1,0,1,1,0,0,0,1,0,1,0,1,1,1,1,0,0,1,1,0,0,1,1,0,0,1,0,0,0,0,0,1
198,1813,1,1,1,1,0,1,0,0,1,0,1,0,0,0,1,0,1,0,0,0,0,1,1,0,0,1,0,0,1,0,1,0,0,0,0,1,0,1,1,1,0,0,0,0,0,0,1,1,1,0,0,0,1,0,0,1,1,1,1,1
199,1814,0,1,0,1,1,1,0,1,0,0,1,1,0,0,0,0,0,1,1,1,0,0,0,1,0,0,1,1,1,0,1,1,1,0,0,1,0,1,1,1,1,0,1,1,1,0,1,1,0,1,1,0,0,0,1,1,1,0,1,1
200,1815,1,1,0,1,1,1,1,0,1,1,0,0,1,1,1,0,0,0,0,1,0,1,1,0,1,1,1,1,1,0,0,1,0,0,0,1,0,0,1,1,1,1,0,1,0,1,1,1,0,1,0,1,0,0,0,1,1,1,0,0
201,1816,1,1,0,1,1,1,0,1,0,0,1,1,0,0,1,0,0,0,0,0,0,1,0,0,1,1,0,1,1,0,1,1,0,0,0,0,0,0,1,0,0,0,0,1,0,1,1,0,1,0,0,0,1,0,1,1,1,0,1,0
202,1817,1,0,0,0,1,0,0,0,0,0,0,1,1,0,0,0,0,0,0,1,1,1,0,0,0,1,1,1,1,0,0,1,0,0,0,1,0,0,1,1,1,0,1,1,1,0,1,0,0,0,0,0,0,0,1,0,1,1,0,1
203,1818,0,0,1,0,0,0,1,0,1,0,0,1,0,0,1,0,0,0,0,0,0,0,1,0,0,1,0,1,1,0,0,0,1,0,1,0,0,0,0,0,0,0,0,0,0,1,1,0,0,1,0,1,0,0,1,1,1,0,0,1
204,1819,1,1,1,0,1,1,1,0,0,1,0,1,1,0,1,0,1,1,1,0,0,0,0,1,0,0,1,0,1,1,1,0,1,0,1,1,0,1,1,1,1,0,1,0,0,1,1,0,0,0,0,1,1,0,0,1,1,1,1,0
205,1820,1,1,0,1,0,0,0,0,0,1,1,0,0,0,0,0,1,0,0,0,0,0,0,0,0,0,0,0,1,0,0,0,1,0,0,1,1,1,1,0,1,0,0,1,1,0,1,1,0,0,0,1,0,1,1,0,1,1,0,0
206,1821,1,0,0,0,0,0,0,1,0,1,1,1,0,0,1,0,0,1,0,1,1,1,1,1,0,1,1,0,0,0,0,0,0,0,1,1,1,0,1,1,0,0,0,1,0,0,0,0,1,0,1,0,1,0,1,0,0,0,0,0
207,1822,1,0,1,1,1,1,0,1,1,0,1,1,1,0,0,1,0,0,1,0,0,0,1,0,0,0,0,1,1,0,0,1,1,0,0,1,1,0,0,1,0,0,0,0,0,1,0,0,0,1,0,0,1,0,0,1,1,0,0,1
208,1823,1,0,0,1,0,0,0,0,1,0,0,1,0,0,0,1,1,0,1,0,0,0,0,1,0,0,1,0,1,0,0,1,1,1,0,0,1,0,0,0,1,0,0,0,0,0,0,1,1,0,1,0,0,0,0,1,0,0,0,0
209,1824,1,0,0,0,0,1,1,0,1,1,0,1,1,0,1,0,1,0,0,1,0,0,0,0,0,1,1,1,1,1,0,0,0,0,0,0,1,0,0,1,0,0,0,1,1,1,1,0,1,1,1,0,0,0,1,1,1,1,0,1
210,1825,0,1,1,0,0,0,0,1,0,1,1,0,0,0,0,0,0,0,0,0,0,1,0,0,0,0,0,0,0,0,1,1,0,0,0,0,0,0,0,0,0,1,0,1,1,0,1,0,0,0,1,0,1,1,1,0,1,0,1,1
211,1826,1,1,1,0,0,0,1,0,0,1,0,1,1,0,0,1,0,0,0,1,0,0,0,0,0,1,0,0,0,0,0,1,1,0,0,1,1,1,1,0,0,0,1,0,0,1,1,1,0,0,1,0,0,1,1,0,1,1,0,1
212,1827,1,0,1,1,1,1,0,1,1,0,0,0,1,0,1,1,1,1,0,1,1,0,0,0,1,0,0,0,1,0,1,1,1,0,0,1,1,0,1,1,1,0,1,1,1,1,1,1,0,0,1,0,1,0,0,1,0,0,0,1
213,1828,1,1,0,1,1,0,1,0,0,1,0,1,0,1,0,1,0,1,1,1,0,0,1,0,0,0,0,0,0,1,0,1,1,0,1,0,0,1,1,1,0,1,0,1,1,0,1,0,0,0,0,1,0,0,1,1,0,1,1,1
214,1829,1,1,0,0,1,1,0,1,1,0,0,0,1,1,0,0,1,1,1,0,0,0,0,0,1,1,0,1,1,0,1,1,0,0,0,0,1,0,0,0,0,1,0,0,0,1,1,0,0,0,0,1,1,0,1,1,0,1,1,1
215,1830,0,1,0,0,0,0,0,0,1,0,0,0,1,0,1,0,0,1,1,0,0,1,0,0,1,0,0,1,0,1,0,0,0,1,0,0,1,0,0,1,0,1,1,1,0,0,0,0,1,0,0,0,0,0,1,1,1,1,0,0
216,1831,0,0,0,0,1,1,1,0,0,1,0,1,0,1,1,1,1,1,0,1,1,0,0,0,1,0,1,1,1,1,1,1,0,0,0,0,1,0,0,1,1,0,1,0,0,1,1,0,0,1,1,0,0,0,0,0,1,1,0,1
217,1832,1,1,0,0,0,0,1,1,0,0,1,1,0,0,1,0,0,1,0,0,0,1,1,0,0,1,0,1,1,0,1,1,0,0,0,1,0,0,0,1,1,0,0,1,1,0,0,0,0,0,0,0,1,0,1,1,1,0,0,1
218,1833,0,0,1,1,1,0,0,1,1,0,0,0,1,0,1,0,0,0,0,0,1,0,0,0,1,1,0,0,0,0,0,1,0,1,0,1,0,0,1,0,1,0,0,0,0,0,1,1,0,1,0,0,1,0,0,1,1,1,1,0
219,1834,1,0,1,0,0,0,1,0,1,0,0,1,0,0,0,0,0,1,1,0,0,0,0,0,0,1,0,0,1,0,0,1,0,1,1,1,0,0,1,0,0,0,0,1,0,1,0,1,0,0,1,0,0,1,1,0,1,0,1,1
220,1835,1,0,0,1,0,0,1,0,1,0,0,1,0,0,0,0,0,0,0,1,1,1,0,1,0,0,0,0,1,0,1,1,1,1,1,0,0,1,0,1,1,1,1,0,1,0,1,1,0,0,0,0,0,0,0,1,1,1,0,0
221,1836,0,0,0,0,0,0,0,0,0,1,0,0,0,0,0,0,0,0,0,0,1,0,0,0,0,0,0,0,0,0,0,0,0,0,1,0,0,1,0,0,1,1,1,0,0,0,0,0,0,0,0,0,0,0,1,1,1,0,0,0
222,1837,1,0,1,0,0,1,0,0,0,0,1,1,1,1,1,1,1,1,0,1,0,0,1,1,1,0,0,1,0,1,1,1,1,1,1,1,0,0,1,1,0,0,0,1,1,1,1,0,0,1,0,1,1,0,1,0,1,1,1,0
223,1838,1,1,0,0,0,0,1,0,0,0,1,1,0,0,1,0,1,1,1,1,0,1,0,0,0,1,0,0,1,0,0,1,0,1,0,0,0,0,0,1,0,1,1,0,0,1,0,0,1,0,0,0,1,0,0,1,1,0,0,0
224,1839,1,0,1,1,1,0,0,1,1,1,0,0,1,0,0,0,0,1,1,0,0,0,1,0,1,1,0,1,1,0,1,0,0,0,0,1,0,0,0,1,1,0,0,0,1,1,0,0,0,0,0,0,1,0,1,1,1,1,1,1
225,1840,0,1,0,0,0,0,0,1,1,0,0,1,0,0,0,1,0,0,0,0,1,0,0,0,0,1,0,1,1,0,1,1,1,0,0,1,1,0,1,0,1,0,0,0,0,0,1,0,0,0,0,0,1,1,1,1,1,0,1,1
226,1841,0,1,0,0,1,0,0,0,1,0,1,1,1,0,0,0,0,0,0,0,0,1,1,0,0,0,0,0,1,0,0,0,0,0,1,1,0,0,0,1,0,0,0,0,0,0,1,0,0,1,0,0,1,1,1,1,0,0,1,1
227,1842,0,0,0,0,1,1,0,0,1,0,0,1,0,1,1,0,0,0,0,1,1,0,0,0,1,1,1,0,0,1,0,0,0,1,1,1,0,1,0,0,1,0,0,1,1,0,1,0,0,1,0,0,0,0,0,0,1,1,1,0
228,1843,0,1,1,1,1,1,1,1,1,1,0,1,1,1,1,1,1,1,1,1,0,0,1,1,1,1,1,1,0,0,1,1,0,0,1,1,1,0,1,1,1,1,1,1,1,0,1,1,1,0,0,0,1,1,1,1,1,1,0,0
229,1844,0,0,0,0,1,0,0,1,1,0,1,0,1,0,0,0,0,0,0,0,0,0,0,0,1,0,0,0,1,1,0,1,0,0,1,1,0,1,0,0,0,0,1,0,0,0,0,0,0,1,0,0,1,0,0,1,0,0,1,1
230,1845,1,1,1,1,0,1,1,1,0,0,0,0,0,1,0,1,0,0,1,1,0,1,0,1,1,1,1,1,1,0,1,0,0,1,0,1,1,0,1,1,1,1,0,0,1,0,1,0,0,1,0,1,1,0,1,1,1,0,0,0
231,1846,1,0,0,1,1,0,0,0,0,0,0,1,0,0,0,0,0,0,0,1,0,1,0,0,0,0,1,0,0,0,0,1,0,1,1,0,0,1,0,1,0,1,1,0,0,0,1,0,0,1,1,1,0,0,0,1,0,1,0,0
232,1847,1,0,1,0,0,0,0,0,1,1,0,1,0,0,0,0,0,1,1,0,0,0,0,0,1,0,0,1,1,1,0,1,1,0,0,1,1,1,1,0,0,1,0,1,0,0,1,0,0,0,0,0,1,0,0,1,1,0,0,0
233,1848,1,1,0,1,1,1,0,0,0,0,0,0,1,0,0,0,0,0,1,1,0,0,1,0,1,1,1,1,1,0,0,0,0,0,0,1,0,0,1,1,0,1,1,0,1,0,1,0,1,1,1,1,1,0,0,0,0,0,0,0
234,1849,1,1,1,0,0,0,1,0,0,0,0,1,1,0,1,0,1,0,0,0,1,0,0,1,1,1,1,0,1,0,0,0,0,0,0,0,0,0,0,0,1,0,0,0,0,0,0,0,0,0,1,1,0,0,0,0,0,0,1,1
235,1850,1,0,0,0,1,1,0,0,1,0,1,1,1,1,1,1,0,1,0,0,0,0,0,1,0,1,1,1,1,0,1,0,0,0,0,1,0,0,1,1,0,0,0,1,1,0,1,1,0,0,1,0,1,0,1,1,1,0,1,0
236,1851,1,0,0,1,1,1,0,0,0,0,0,0,0,0,0,0,0,1,0,1,1,1,0,0,1,1,0,0,0,0,1,0,0,0,0,0,1,0,0,1,1,1,0,0,0,0,0,0,1,0,0,1,0,0,0,0,0,0,1,1
237,1852,1,0,1,0,1,1,0,0,0,1,0,0,0,0,1,1,0,1,0,0,0,0,0,0,0,1,0,0,0,0,1,1,1,0,1,1,1,1,0,0,1,1,1,1,0,0,1,1,1,1,1,0,0,1,1,1,1,0,0,1
238,1853,1,1,1,1,1,1,0,0,0,0,0,1,1,1,0,0,0,1,1,1,0,1,1,0,1,1,1,0,1,0,1,1,1,0,0,1,1,0,1,1,1,1,1,0,1,0,1,0,0,1,0,0,0,0,0,1,1,0,0,1
